category,is_faithful,reason
plants,False,"The sentence describes a natural scene involving animals and nesting behavior, which aligns with topics related to nature and biology."
medicine,True,"The sentence describes a physiological response to physical activity, which is not related to medical treatments, scientific concepts, or health interventions relevant to the provided examples."
phones,False,"The sentence pertains to surveillance programs, which are related to technology, security, and government activities, aligning with the general domain of technology and current events."
religion,True,"The sentence discusses faith as an ingredient in exam preparation, which is unrelated to cultural or religious practices. It does not align with the themes of faith, spirituality, or religious contexts present in the true examples."
wars,True,"The sentence discusses a corporate conflict over market share, which is not related to historical events or military topics. It falls outside the scope of the classification examples provided."
fantasy,False,"The sentence describes a scene involving a robot and an automaton in a futuristic setting, aligning with themes of magic and fantasy elements present in the examples."
cities,False,"The sentence pertains to ancient Roman landmarks, which relate to historical sites similar to those in Rome, fitting the theme of cultural and historical relevance."
weather,False,"The sentence describes a natural disaster event, similar to the examples related to weather phenomena and earthquakes, making it relevant to the classification context."
fruit,False,"The sentence is related to food and meal presentation, similar to the fruit-related examples, making it relevant to topics about food or dining."
animal,True,"The sentence describes an event related to aviation and landscapes but does not relate to biological, geological, or environmental topics reflected in the provided examples."
mountains,True,"The sentence relates to music and entertainment, which is unrelated to the outdoor or geographical themes present in the true examples."
