sentence,is_food_related
"In the heart of the bustling farmer's market, the vibrant colors and enticing aromas of fresh produce, like the deep red of vine-ripened tomatoes and the fragrant scent of basil, create a sensory feast that draws in food enthusiasts from all walks of",True
"As we trekked through the orchard, the crisp scent of ripe apples filled the air, a gentle reminder of the harvest season's bounty.",True
"In the heart of the bustling farmer's market, the vibrant colors of heirloom tomatoes and the sweet scent of freshly baked sourdough bread created an irresistible allure, drawing food enthusiasts from near and far to savor the simple pleasures of a perfect summer day",True
"In the heart of a bustling kitchen, the aroma of freshly baked sourdough mingles with the rich scent of roasted garlic, creating a symphony of fragrances that promise a meal both comforting and exquisite.",True
"Beneath the canopy of an apple orchard, the air is sweet with the scent of ripe fruit, and the soft rustle of leaves harmonizes with the gentle thunk of apples dropping into wooden baskets.",True
"In the heart of the bustling farmer's market, vibrant stalls overflowed with heirloom tomatoes, their rich hues reminiscent of a painter's palette, drawing in eager shoppers enchanted by the promise of a summer salad bursting with flavor.",True
"Amidst the rolling hills of Tuscany, the olive groves bask in the golden sunlight, ready to yield their precious fruit for the season's first pressing of rich, aromatic olive oil.",True
"In the heart of the kitchen, surrounded by the warm aroma of freshly baked bread, the chef skillfully kneaded dough, infusing it with rosemary and thyme to create a rustic loaf that would pair perfectly with the evening's hearty stew.",True
"In the sunlit kitchen, the scent of rosemary and garlic infused the air as the chef skillfully prepared a rustic Italian dish, reminiscent of the vibrant countryside where the ingredients were freshly harvested.",True
"In the heart of the bustling market, the vibrant colors and sweet aroma of ripe mangoes, freshly picked from the groves, tempted passersby to stop and savor the juicy tropical delight.",True
"In the heart of an abundant orchard, rows of apple trees stood like sentinels, their branches heavy with crisp, red fruit waiting to be picked and transformed into warm, comforting pies that evoke the essence of autumn.",True
"In the heart of the bustling kitchen, where the aroma of freshly baked bread mingles with the earthy scent of garlic and herbs, a master chef orchestrates a symphony of flavors, transforming simple ingredients into a culinary masterpiece that delights the senses and warms",True
"In the heart of the bustling kitchen, the chef orchestrated a symphony of flavors, carefully balancing the earthy notes of roasted beets with the tangy zest of goat cheese, while the sweet aroma of caramelized onions wafted through the air",True
"In the heart of autumn, the golden hues of harvested cornfields mirror the warm colors of a pumpkin pie cooling on a windowsill, evoking the comforting traditions of family gatherings and Thanksgiving feasts.",True
"Nestled in the heart of a lush orchard, the aroma of freshly baked apple pies wafted through the air, evoking memories of autumn days spent harvesting the crisp, sweet fruit.",True
"In the heart of an ancient orchard, where apple trees have stood for centuries, the sweet scent of ripe fruit mingles with the crisp autumn air, echoing the rich agricultural heritage of the region.",True
"Beneath the canopy of apple trees, the orchard buzzed with activity as families picked the ripe, red fruit, filling their baskets to the brim with the crisp harvest of autumn.",True
"Nestled amidst the lush greenery of the valley, the community garden thrived with vibrant tomatoes, crisp lettuce, and rows of fragrant basil, each plant a testament to the dedication of local volunteers.",True
"In the heart of the autumn forest, the scent of freshly baked apple pie mingled with the crisp air, evoking memories of family gatherings where the centerpiece was always a dessert that celebrated the harvest.",True
"In the heart of the bustling farmers' market, vibrant stalls brimmed with a rainbow of fresh produce, where the crisp scent of apples mingled with the earthy aroma of freshly baked bread, evoking a sense of community and the timeless tradition of farm",True
"The apple orchard, nestled in the heart of the countryside, boasted rows of trees heavy with crisp, juicy fruit, each one waiting to be picked and transformed into homemade pies and cider.",True
"In the heart of the bustling city, a quaint little bakery served pastries so exquisite that they evoked memories of a grandmother's kitchen, where the aroma of freshly baked bread mingled with the sweet scent of cinnamon and vanilla.",True
"Beneath the golden canopy of an autumn orchard, families gather to pick apples, savoring the crisp sweetness of each bite and the promise of warm pies and fresh cider back home.",True
"Nestled in the heart of the orchard, the golden hues of ripe apples glistened under the soft morning sun, beckoning eager hands to pluck them from their branches and transform them into warm, cinnamon-scented pies.",True
"In the heart of the bustling kitchen, the chef meticulously layered slices of heirloom tomatoes and fresh mozzarella, each drizzled with rich balsamic glaze, creating a Caprese salad that perfectly captured the essence of summer.",True
"In the vibrant kitchen of her grandmother's home, the aroma of freshly baked cinnamon rolls mingled with the warm, comforting scent of simmering apple cider, creating a haven of culinary nostalgia that evoked cherished memories of family gatherings and holiday feasts.",True
"The aroma of freshly baked cinnamon rolls wafted through the kitchen, enticing everyone with promises of warm, gooey sweetness.",True
"The apple orchards, nestled between rolling hills, are a testament to the region's rich agricultural heritage, where generations of farmers have perfected the art of cultivating this beloved fruit.",True
"In the heart of autumn, the orchards burst with crimson and amber apples, their crisp sweetness a testament to the bountiful harvest that defines the season's culinary delights.",True
"The aroma of freshly baked cinnamon rolls filled the kitchen, their golden-brown spirals drizzled with a sweet vanilla glaze that melted into every warm layer.",True
"In the heart of the bustling marketplace, the vibrant array of colorful vegetables and aromatic spices transported visitors to a world filled with culinary possibilities and cultural traditions passed down through generations.",True
"Amidst the lush greenery of the orchard, the aroma of ripe apples filled the air, inviting us to pluck them fresh for a warm pie later in the evening.",True
"In the heart of autumn, the orchard was alive with the vibrant hues of ripe apples, their crisp sweetness a testament to the season's bounty, while families meandered through the rows, filling their baskets with the promise of homemade pies and fresh cider",True
"Nestled in the heart of the orchard, the apple trees stretched their branches skyward, their leaves whispering secrets of crisp autumn days and the promise of cider to come.",True
"In the heart of autumn, the aroma of freshly baked pumpkin pies wafts through the air, a comforting reminder of the season's bounty and the joy of sharing a slice with loved ones gathered around a cozy table.",True
"The lush orchard was a vibrant tapestry of colors, with rows of apple trees heavy with ripe, crimson fruit, waiting to be transformed into warm, spiced pies and crisp, refreshing ciders as the autumn chill settled in.",True
"The orchard's crisp autumn air was filled with the sweet scent of apples, as families wandered through rows of trees, picking the reddest and juiciest fruits to take home for pie-making.",True
"In the heart of the bustling farmers market, the air was rich with the aroma of freshly baked sourdough bread, while vibrant heirloom tomatoes gleamed like jewels under the morning sun.",True
"The crisp autumn air was filled with the sweet aroma of freshly baked apple pie, its golden crust flaking perfectly with each slice, evoking memories of family gatherings and orchard visits.",True
"In the heart of the bustling kitchen, the aroma of freshly baked sourdough bread mingled with the rich scent of simmering tomato sauce, evoking memories of rustic Italian countryside feasts and the timeless art of homemade cooking passed down through generations.",True
"Beneath the dappled shade of the orchard, clusters of apples hung heavy on the branches, their crisp sweetness a testament to the rich, loamy soil and the gentle care of the hands that tended them.",True
"In the heart of autumn, the orchard was alive with the vibrant hues of ripening apples, each tree offering its bounty to eager hands reaching up to pluck the crisp, sweet fruit from the branches.",True
"In the heart of the Tuscan countryside, where rolling hills are adorned with olive groves and vineyards, a traditional Italian kitchen buzzes with activity as the scent of freshly baked focaccia mingles with the rich aroma of a simmering tomato basil sauce",True
"In the heart of the bustling kitchen, the rich aroma of freshly baked cinnamon rolls filled the air, their golden-brown swirls glistening with a drizzle of sweet vanilla glaze, inviting everyone to gather around the table for a warm, comforting breakfast",True
"In the heart of the orchard, the aroma of ripe apples filled the air, evoking memories of autumns past when families gathered to pick the crisp, juicy fruits from the trees.",True
"As the aroma of cinnamon and freshly baked apples filled the kitchen, Grandma carefully placed the apple pie on the windowsill to cool, its golden crust glistening in the afternoon sun.",True
"In the tranquil orchard, the sweet aroma of ripe apples filled the air, evoking a sense of heritage and tradition as families gathered to pick the fruits of the season.",True
"In the midst of a vibrant farmer's market, the aroma of ripe peaches mingled with the scent of freshly baked baguettes, creating a symphony of flavors that celebrated the bounty of the harvest season.",True
"Amidst the lush apple orchards, the aroma of freshly baked pies wafted through the air, evoking memories of generations past who had harvested the crisp, red fruit each autumn.",True
"As the sun dipped below the horizon, casting a warm glow over the kitchen, Maria carefully folded the whipped egg whites into the creamy mascarpone mixture, preparing the tiramisu that would become the highlight of the evening's dinner party.",True
"In the heart of the bustling city, the newly constructed skyscraper stood as a testament to modern engineering, with its sleek glass facade reflecting the ever-changing hues of the sky.",False
"The intricate dance of celestial bodies continues to captivate astronomers, as new discoveries in exoplanet research challenge our understanding of the cosmos and hint at the possibility of life beyond Earth.",False
"Amidst the bustling cityscape, the newly installed solar panels on skyscrapers reflect a growing commitment to sustainable urban development and renewable energy integration.",False
"The ancient ruins, shrouded in mystery and overgrown with thick vines, stand as a testament to a civilization long lost to time, whispering secrets of architectural prowess and cultural richness to those who dare to explore their forgotten corridors.",False
"The discovery of gravitational waves has opened a new era in astrophysics, allowing scientists to observe cosmic events that were previously undetectable, such as the collision of black holes billions of light-years away.",False
"Navigating the vast expanse of the Milky Way, astronomers rely on sophisticated telescopes and innovative data analysis techniques to uncover the secrets of distant galaxies and understand the fundamental forces shaping our universe.",False
"In the realm of quantum computing, the entanglement phenomenon presents both unprecedented opportunities for data encryption and complex challenges in maintaining coherence at a practical scale.",False
"The intricate choreography of data packets traversing global networks ensures that a simple click on your smartphone can instantly connect you to someone on the other side of the planet.",False
"The intricate dance of celestial bodies within our universe continues to captivate astronomers, as new telescopic technologies unveil mysteries hidden in the depths of space, bringing us closer to understanding the cosmic tapestry that surrounds us.",False
"The advent of quantum computing promises to revolutionize industries by solving complex problems that are currently intractable for classical computers, potentially transforming fields such as cryptography, material science, and artificial intelligence.",False
"The new satellite's imaging capabilities allow for unprecedented real-time monitoring of polar ice melt, providing critical data for climate scientists worldwide.",False
"The Mars rover, equipped with advanced spectrometers and robotic arms, continues its mission to uncover the planet's geological secrets, providing invaluable data to scientists back on Earth.",False
"As the rover navigated the rugged Martian terrain, its sensors meticulously gathered data that could unravel the planet's geological past and potentially reveal signs of ancient microbial life.",False
"The rover's solar panels glistened under the Martian sun, converting light into the energy needed to power its journey across the desolate, rust-colored landscape.",False
"The intricate dance of electrons within a semiconductor chip is the unseen force driving the digital revolution, connecting billions of devices across the globe in an intricate web of information exchange.",False
"Amidst the vast expanse of the Sahara, ancient trade routes crisscrossed the dunes, connecting distant civilizations and facilitating the exchange of not only goods but also ideas and cultures.",False
"The intricate dance of celestial bodies in our solar system is a testament to the harmonious chaos that governs the universe, as planets orbit stars in a gravitational ballet that has persisted for billions of years.",False
"The ancient stones of the castle stood resolute against the backdrop of a crimson sunset, whispering tales of forgotten battles and the passage of countless generations.",False
"In the bustling heart of the city, a network of sensors and cameras continually monitors traffic flow, optimizing signal timings to reduce congestion and improve air quality.",False
"The quantum computer, with its ability to process complex calculations at unprecedented speeds, promises to revolutionize fields ranging from cryptography to drug discovery, potentially transforming the very fabric of modern technology.",False
"The innovative design of the electric vehicle's battery management system ensures optimal performance and longevity, even in extreme temperature conditions.",False
"The ancient ruins, nestled atop the cliffside, offered a panoramic view of the valley below, where archaeologists meticulously unearthed relics from a civilization that had thrived over a millennium ago.",False
"The restoration of the ancient Roman aqueducts exemplifies a remarkable blend of historical preservation and modern engineering techniques, ensuring that these majestic structures continue to inspire awe for generations to come.",False
"The intricate patterns of the aurora borealis danced across the Arctic sky, a mesmerizing display of nature's electromagnetic artistry that has captivated observers for centuries.",False
"The lunar rover's advanced navigation system allowed it to traverse the rugged terrain of the moon's surface, collecting valuable geological samples that could unlock secrets of the solar system's early history.",False
"As the drone soared above the cityscape, its high-resolution camera captured detailed images of the urban infrastructure, providing essential data for the upcoming smart city initiative aimed at improving public transportation and energy management.",False
"The advent of quantum computing holds the potential to revolutionize fields such as cryptography, optimization, and even drug discovery, as researchers strive to harness the strange properties of qubits to solve complex problems beyond the reach of classical computers.",False
"In the realm of artificial intelligence, the development of quantum computing has the potential to revolutionize data processing speeds and solve complex problems previously deemed intractable by classical computers.",False
"The intricate dance of electrons through silicon pathways forms the heartbeat of our modern digital world, orchestrating a symphony of zeros and ones that underpin the vast networks connecting us all.",False
"The intricate dance of electrons within a semiconductor forms the backbone of modern computational devices, propelling society into an era of unprecedented technological advancement.",False
"The launch of the James Webb Space Telescope marks a new era in astronomy, promising unprecedented insights into distant galaxies and the formation of stars and planets.",False
"The intricate dance of electrons within a semiconductor plays a pivotal role in the advancement of modern computing, enabling the rapid processing of complex algorithms that drive technological innovation.",False
"The discovery of gravitational waves has opened a new era in astrophysics, allowing scientists to observe cosmic events that were previously invisible and providing insights into the mysteries of black holes and neutron stars.",False
"The innovative application of quantum computing is poised to revolutionize the field of cryptography by providing unprecedented computational power to break traditional encryption methods.",False
"The ancient ruins stood silent against the desert sky, each weathered stone whispering tales of a civilization lost to the sands of time.",False
"The intricate dance of satellites orbiting Earth forms a critical backbone for global communication, enabling instant connections across continents and fostering international collaboration in real-time data exchange.",False
"The launch of the new electric vehicle model promises to revolutionize urban transportation with its enhanced battery life and autonomous driving capabilities.",False
"The development of quantum computing promises to revolutionize industries by solving complex problems exponentially faster than classical computers, yet it also presents new challenges in terms of encryption and data security.",False
"As the spacecraft approached the Martian surface, intricate algorithms adjusted its descent trajectory to account for unpredictable atmospheric conditions, ensuring a safe landing in the designated exploration zone.",False
"The innovative design of the new electric vehicle includes a regenerative braking system that significantly extends its range by converting kinetic energy back into stored power.",False
"The quantum computer, still in its nascent stages, promises to revolutionize cryptography by solving complex problems that classical computers find insurmountable.",False
"The serene landscape of the Scottish Highlands, with its rolling hills and ancient stone castles, offers a glimpse into a past where clans once fiercely defended their territories against invaders.",False
"The latest advancements in quantum computing promise to revolutionize industries by solving complex problems that are currently beyond the reach of classical computers.",False
"The vast expanse of space remains a mystery, with every new satellite launch adding a piece to the puzzle of our universe's origins and future potential for exploration.",False
"The recent advancements in quantum computing have the potential to revolutionize fields from cryptography to medicine by enabling computations at speeds previously deemed impossible.",False
"Amidst the sprawling desert landscape, the solar farm's reflective panels shimmered under the relentless sun, silently converting light into sustainable energy to power nearby communities.",False
"The International Space Station orbits Earth at an average altitude of 408 kilometers, serving as a testament to human collaboration and scientific advancement in the exploration of space.",False
"The spacecraft's solar sails unfurled gracefully, capturing the faintest whispers of cosmic winds to propel it silently through the vast expanse of interstellar space.",False
"The intricate dance of planets in our solar system is a testament to the delicate balance maintained by gravitational forces over billions of years.",False
"Beneath the ocean's surface, a vast network of fiber-optic cables silently weaves the continents together, transmitting data at the speed of light and underpinning the global communication infrastructure.",False
